-1.036507032733241296e+00,3.926172728952011526e-01,0.000000000000000000e+00
1.0147140977798335,0.1775473567778143,0.0
-0.6616019192524676,0.7053670555878897,0.0
-0.28608723000920244,0.9673874393821352,0.0
-0.7900615254978698,0.6155860195969921,0.0
1.8155467867263348,0.013062803686668702,1.0
1.935792805735612,0.009421148562336092,1.0
0.6996974789869632,0.5790205356176891,0.0
1.3281987002989502,-0.4755879640910941,1.0
1.4928368401931522,-0.3505228066070212,1.0
0.6856078779741546,-0.39821135533976243,1.0
0.6384747963162188,0.8163057197960049,0.0
0.8535262297310426,-0.6044523714053074,1.0
-0.6203673404945823,0.7222638131573028,0.0
0.730552914555877,0.7262774388183443,0.0
0.5069424003539784,-0.3578404554534466,1.0
-0.9835170275438568,0.33582340762032864,0.0
1.9490869336746812,0.30575559470506103,1.0
0.2679091177748803,0.9118723225202257,0.0
-0.9862371028516506,0.20100972534916176,0.0
-0.784516420153257,0.5297741004409633,0.0
1.1221122369599195,-0.5020328754669189,1.0
0.982754271076345,0.05817164664253961,0.0
0.991492145425357,-0.42067659768027615,1.0
0.31238986312333217,-0.2108055320653992,1.0
-0.08592976639975182,1.047285056573923,0.0
0.9204677846471764,0.1279578400538453,0.0
1.5688533700967615,-0.3220839475270172,1.0
0.18430621283523438,0.9416427700355054,0.0
0.17553191658395315,-0.11116044057087998,1.0
-0.8476915973892124,0.4746059811049709,0.0
-0.6415376451532585,0.735036411268999,0.0
1.622262576340803,-0.17937282405828478,1.0
-0.6457019125418171,0.711020011456373,0.0
0.979886140567,0.41527257222502156,0.0
2.0184501352569675,0.4766088719467401,1.0
-0.014283985766870731,0.09229657968964917,1.0
0.9297303923541834,0.5491059222488541,0.0
1.5505139122536435,-0.28440921405950814,1.0
1.797857721206995,-0.123911082552604,1.0
0.7022364256700497,0.7349992959247327,0.0
0.7661966746128732,0.6131272460651483,0.0
1.462080268297963,-0.4821002983446321,1.0
-0.003712101819312928,0.5298210427208122,1.0
1.6734497318025605,-0.18135898201720263,1.0
1.093758657231464,-0.5088379482093917,1.0
0.2302754014050053,-0.16967804973986722,1.0
1.9218547746433507,0.39978744433982016,1.0
0.4572811823526685,0.8474646632646995,0.0
0.413387272874336,0.9878764793674037,0.0
0.6740667443641825,0.8063959544041213,0.0
-0.07611524711277673,1.0326165520421366,0.0
1.8925031892596431,-0.06469632161302788,1.0
0.5429467869940643,-0.2781855730426073,1.0
0.3107993112294309,-0.299116346500127,1.0
-0.5781544440950561,0.9450337509185932,0.0
1.6498435767943531,-0.30562337309644555,1.0
-0.93678565677445,0.257011506657097,0.0
-0.6509891075254916,0.7827106504742339,0.0
-0.5409676652755261,0.8503720937534035,0.0
0.9663865376404754,0.3933849245186684,0.0
0.8372531226684558,0.6243557273436539,0.0
0.2129002824266079,-0.11226201963054687,1.0
1.991101294508792,0.2462287091150435,1.0
0.08209194607100148,0.5483788195236416,1.0
1.6525633615553483,-0.30894713236109667,1.0
1.1660249547744128,-0.3945818948322487,1.0
-0.10218013474900815,0.4130971419810304,1.0
0.2203896191757577,-0.0866723125826304,1.0
-0.9194955988531974,0.3997603318018007,0.0
0.0075574626127727,0.20330444609472653,1.0
0.8164119610734702,0.5621188839827014,0.0
-0.0585712449031859,1.0823403845956598,0.0
0.05425772800815649,0.347253464645678,1.0
1.8628224196276433,0.22333077095856013,1.0
0.34331776438897166,0.8892314784515526,0.0
0.30161902282888625,0.8244790781245724,0.0
1.0126743399537033,-0.4849353653636225,1.0
-0.8924157451084956,0.5618123729693254,0.0
-0.4958623433461917,0.8141144915778433,0.0
-0.3223266156523312,0.8191734418851073,0.0
-0.6259746673534828,0.794292781609072,0.0
-0.9892833368349888,0.14395096692325848,0.0
-0.0879085900347612,0.9737771947276254,0.0
0.10286052660766536,0.9122814065976352,0.0
-0.7745531998735378,0.4397431299790403,0.0
-0.9450729127834392,0.13426188297538993,0.0
0.6994150163937047,0.6036272569175578,0.0
1.7217664694864794,-0.2006410500423778,1.0
1.0163983229807445,0.24491167402389294,0.0
1.412636170770624,-0.41826710418887664,1.0
0.4683298347227073,-0.38576885652298637,1.0
0.8539817870384634,-0.4772841894668522,1.0
-0.6365270866229567,0.7669065433860657,0.0
1.3012770387117296,-0.4664567085426728,1.0
-0.6558504004808744,0.7413935962341522,0.0
0.3955360911414156,0.989011121383133,0.0
1.803318726664346,-0.10837438785194425,1.0
0.9703815839645626,0.017065940537882764,0.0
0.8799266439379904,-0.547550535804113,1.0
0.8968714603464536,0.390163733596831,0.0
0.4507208316941471,-0.3261926829894844,1.0
2.0070789657988515,0.26630343583563426,1.0
-0.8117920732526308,0.44163573250404237,0.0
1.284516175979827,-0.5021486634136306,1.0
0.548683380890297,0.9244920770312942,0.0
0.16138782647690803,0.11848436221465038,1.0
1.8166404542193868,-0.10481911598209832,1.0
0.9905783944863888,0.1772869730261706,0.0
-0.4750422192275402,0.9131035784166548,0.0
0.4722033863197172,0.806187639831177,0.0
0.7181760222044183,-0.5172501365234903,1.0
1.7599114920533012,-0.022791969239433475,1.0
0.15689592481587555,0.09341378348256889,1.0
1.7695991755119729,-0.15148615442794938,1.0
1.8432434327194696,0.21342252263761669,1.0
-0.9416813991730256,0.4907874904970016,0.0
1.8670288239992536,-0.12271401976692413,1.0
0.5621162459229455,0.7974512025408544,0.0
0.7499214791949993,0.5837465149417818,0.0
1.0502201097403585,0.03567079791108854,0.0
0.8637453692584515,0.29908335039939654,0.0
1.0566890414079106,0.03077285968823705,0.0
0.15445675775930626,0.9814613231926635,0.0
1.1715234822059248,-0.5305031458909152,1.0
0.933717052762098,-0.4732085417311845,1.0
1.6818232042338714,-0.1576901337484006,1.0
-0.4315016142267574,0.7803783588451438,0.0
-1.032910635711719,0.022262535292970148,0.0
1.2874596600572688,-0.4782556380466956,1.0
0.2595244110405114,-0.16631028281183338,1.0
1.838433207974508,-0.06436393328297037,1.0
0.43221879083993164,0.9566981564033984,0.0
1.9457882892295684,0.09987767789714308,1.0
1.9565928037433753,0.2972714137643717,1.0
2.0439953635230776,0.3657066139706036,1.0
0.8286750092186874,-0.4617830292911226,1.0
0.2458420942876077,1.0757103717553347,0.0
2.0095232624755326,0.3645501544789663,1.0
1.717180303061954,-0.21078370860183293,1.0
0.566484254694757,-0.38390441509620316,1.0
-0.3729396910489445,0.9253238949593152,0.0
0.27399030582118816,-0.20101522369500593,1.0
0.6879115597271368,0.7400564795148764,0.0
0.18579925435733785,-0.09892429342762872,1.0
0.8149055599928767,0.5966844762890623,0.0
-0.44007405334760796,0.9438287617804783,0.0
0.552817667192029,0.7226406789399974,0.0
0.9683461203203342,0.3960118583656409,0.0
0.11646673242633505,-0.13117933326081865,1.0
0.12686138347486953,0.07348422515960588,1.0
0.8729531815995416,0.4125377203694898,0.0
0.8611220309244287,0.4590988537807572,0.0
1.9056082507400496,0.12556592552927642,1.0
0.4724921195523021,0.8686071071256019,0.0
-1.044360001734947,-0.02954872004159155,0.0
0.14794586883111077,0.003978366338651909,1.0
1.7518538921492925,-0.11453653438345784,1.0
0.17420629894289166,-0.09723713582254584,1.0
1.7028997622049151,-0.1601231540462615,1.0
-0.9528081112972808,0.390607330310014,0.0
0.1422451569384935,0.06169712585711051,1.0
1.7973905069116154,-0.06888920980854425,1.0
0.1328545100113312,0.834942387725146,0.0
0.766211826240141,-0.4303763886404861,1.0
2.020318661061934,0.2407284591120556,1.0
1.2859725584245936,-0.4769480838430597,1.0
1.972506571294076,0.03809406194132864,1.0
1.8854213486601288,-0.03940695390455802,1.0
0.7858056009889769,0.6074777610510876,0.0
-1.1127322191610567,0.055646986010673256,0.0
0.08324961052581507,0.20935083628672008,1.0
0.8928554658269096,0.4137342717550585,0.0
1.583495134215591,-0.3202203488750964,1.0
-0.9542771965808288,0.2730273459564189,0.0
0.8802940240551926,0.6105662099649933,0.0
0.26239483103038086,0.9229543952092332,0.0
0.32465283977100523,-0.3129498975763881,1.0
0.6656069274743316,0.7544349813679169,0.0
-0.12867341850386327,0.9523374526440728,0.0
-0.2641391111975194,1.041309207727993,0.0
0.08322398919195846,0.4222161289893088,1.0
0.626922193228398,0.7298097644334623,0.0
0.9377426899318648,0.5829900901542489,0.0
0.44280764040237897,0.924590566621197,0.0
1.7657394200470042,-0.09235176051478901,1.0
0.41048638558740824,-0.3210569887664492,1.0
1.577990244941654,-0.3212785490192044,1.0
-0.023761085294122426,0.42247068191120973,1.0
0.5152523553907611,0.8680121620442874,0.0
0.959052591451446,0.32612430791091196,0.0
2.0573576761592016,0.43064318447960115,1.0
0.5523174393958057,0.7540368012202278,0.0
0.8802508316266967,0.5435815663393256,0.0
1.7691577634432667,-0.2382284304347881,1.0
-1.005510910850035,0.214765472615616,0.0
1.2694602168415678,-0.45022184563674333,1.0
0.8999209872477821,0.2740273455618094,0.0
0.9460274539854882,0.4953541577366772,0.0
1.964753703671957,0.4125641350256846,1.0
-1.0130724234376087,0.0048147240496853455,0.0
-1.0972339473050792,0.15249147614455003,0.0
0.10315789338746367,0.01532369197996454,1.0
0.26719435212233345,-0.18598759530237213,1.0
1.989001910638717,0.4390722109649939,1.0
-0.4884508606303517,0.845353689354837,0.0
-0.34933232569550005,0.8752846889093167,0.0
-0.814340184554437,0.5635897008345977,0.0
0.7129523539007006,-0.4816343090586508,1.0
-0.8410334861065951,0.4606584711396115,0.0
1.0320351373888592,0.13376717489988985,0.0
0.3846274851311684,0.8997977601358573,0.0
0.9881355781926526,0.0591753876733733,0.0
1.7475476866164108,-0.15233782467502494,1.0
0.6470686362160635,-0.5179715151761801,1.0
1.1112076109735531,-0.4208106271748995,1.0
-0.3125706697106316,0.9307292216389622,0.0
0.691371271976511,-0.4477123631640276,1.0
1.5074261011185306,-0.4261175778175954,1.0
1.959397905000708,-0.023932158688951852,1.0
-0.898896070919106,0.5359521493445693,0.0
0.8571801067189161,0.5064648614926549,0.0
1.1640493872240127,-0.4618378548731129,1.0
1.9749113001990168,0.3887160851525285,1.0
-0.7306902799836492,0.7790556573416036,0.0
1.0116657098192308,0.1242543010142999,0.0
1.1975663495323303,-0.44694160722071113,1.0
1.774448868357996,-0.22161042434487557,1.0
-0.8092079102145587,0.5789741493926409,0.0
-0.7236870553530419,0.6391083549287555,0.0
0.2269782637219102,1.0062316086959366,0.0
0.9614821546823488,0.1202680222969482,0.0
0.1302763921799405,1.0626538565461536,0.0
0.1844968625306437,1.0080938119228406,0.0
2.0500825691554247,0.40083745985800395,1.0
-0.08720211230101314,0.9719310530562092,0.0
-0.6629394885493483,0.819572577506667,0.0
-0.01491356860665616,1.0282937792870177,0.0
-1.030304517242878,0.18191171185851224,0.0
1.5766711742366308,-0.3328323737713268,1.0
-0.042337808958459684,0.2243259583043984,1.0
0.09619300601129756,0.2221854046505431,1.0
0.6806929187161567,-0.4783448757468703,1.0
-0.8100853105366695,0.628664389678199,0.0
0.22071338767620255,-0.13454235372319934,1.0
1.6673846314995333,-0.24305251517084386,1.0
1.7084870892156134,-0.22663524276877195,1.0
-0.893706990902793,0.2426323719948724,0.0
0.8942653711330739,0.5841657888913647,0.0
-0.8018354894035996,0.5369499799161126,0.0
2.0048847190083974,0.22280889061561587,1.0
0.6640996413824058,-0.4494317528793037,1.0
0.8504594339675953,0.5343976452482735,0.0
1.5803509576012196,-0.3293599431700069,1.0
-0.7857946759858598,0.5833931145085334,0.0
0.024653108816078746,0.3614899794155308,1.0
1.7126599896588581,-0.2494635142518935,1.0
1.1796569339171032,-0.4136959864930285,1.0
-0.1143222093889892,0.9125375975923442,0.0
0.06761257090086714,-0.01808116328523987,1.0
1.117487485084524,0.11067763633514653,0.0
0.18850633632429928,-0.12244986306608285,1.0
0.005101097087900894,0.4473612696871657,1.0
0.9144148616599,0.24822006001265304,0.0
1.625779965531348,-0.27934371846933215,1.0
0.6406463378379487,-0.4469459611898247,1.0
-0.9933451732636056,0.07947644760319385,0.0
-0.1802817583908103,0.876648115752726,0.0
1.4181191015510781,-0.3312278168167074,1.0
0.19280463763607553,-0.1194762035143053,1.0
-0.3807690386911248,0.9286940304656196,0.0
0.7496402274420108,0.6892784717075773,0.0
0.6464775821241633,-0.5103511054599849,1.0
-0.6292980416754409,0.6686635916226623,0.0
-0.9319853102328512,0.4778147020479937,0.0
0.059468316019384834,1.034277162988284,0.0
2.027676920478425,0.4096211616132738,1.0
2.0102511167099855,0.4155515657306866,1.0
1.081785571475984,-0.4923114658606856,1.0
1.6156010492852335,-0.24407115429508894,1.0
0.06890122652764058,1.086899021143103,0.0
0.6768542381680636,0.8010743185426625,0.0
-0.9858103559843824,0.3277578691515813,0.0
1.8395078530494935,-0.03603518560764934,1.0
0.42691409052666485,-0.3647368269815565,1.0
0.7051842915400881,0.8453801579592064,0.0
0.9928490086930658,0.0662748562111537,0.0
0.6707304213680969,0.6470253348755896,0.0
0.7799594885268684,-0.425478055743863,1.0
0.5171617131220374,0.8250289473394526,0.0
1.2836179929366078,-0.38807762286675496,1.0
1.9248320589175811,0.16506638872103135,1.0
-0.4627060632083814,0.9712506386878402,0.0
1.9448463783704448,0.3845976048501235,1.0
0.08414858124853666,0.941885078319042,0.0
-0.9748260642787714,0.09214759338385188,0.0
0.665966617318188,0.7502455676110079,0.0
1.8376266029834705,-0.11169352899369908,1.0
0.8704720539383375,0.4634828499131219,0.0
-0.8971230588828969,0.42928152682957127,0.0
0.8110126436236448,-0.4531016298738629,1.0
-0.09232599108406754,0.2928168142805596,1.0
2.0266542012963806,0.5920474965247812,1.0
0.0316190802392194,1.077604450676724,0.0
-0.52858287952852,0.8390995583553001,0.0
1.921854376096937,0.2403474956324419,1.0
-0.9682303091969195,0.1261410440747569,0.0
0.22437996531925508,-0.01141916202863431,1.0
0.2792320602423085,-0.31773926964648413,1.0
0.9373054994143816,0.3375279645738288,0.0
-0.39420052418533047,0.966217436473142,0.0
0.9959728523747406,0.2371576810365709,0.0
-0.8146219903840417,0.4018379005134231,0.0
-0.450603790243079,0.809112712311616,0.0
0.5716662676925804,0.8373345644679524,0.0
0.3708019320477104,0.9985387654325182,0.0
-0.8066887816507684,0.7015531695339609,0.0
0.028471575259067038,1.0297348967265343,0.0
1.655643628253367,-0.2554623637236759,1.0
0.6741558114335919,-0.43080239014628063,1.0
-0.8947774200772877,0.4567751491602247,0.0
0.5732176158876476,0.8119860195729914,0.0
0.3346984120948909,-0.2955332501983577,1.0
1.9242046336035097,0.11510945767609,1.0
0.5395951376944829,-0.31447757568060963,1.0
-0.12656664702358195,0.3041892388362454,1.0
-0.9440309421080834,0.32914536026587765,0.0
0.7803843030004453,-0.5649272434544065,1.0
0.7600022522935592,0.6074913472181,0.0
1.7716334571825727,0.027862762026439964,1.0
0.1448602207865389,0.16728050470225567,1.0
0.27801466713753165,0.9252771996453194,0.0
1.9473336279473712,0.27547551696332123,1.0
0.4560646967246579,0.8609514499583198,0.0
0.09824573143616323,-0.004271657210001532,1.0
1.0805763389476735,0.19841148618443885,0.0
0.8591922761246906,0.44609720870844183,0.0
-0.2350939405499948,0.9869322788078913,0.0
-0.3762267716035291,0.8926865275299105,0.0
1.0544021459462665,-0.44133621620480984,1.0
0.6271757821725025,-0.3988291477658917,1.0
0.03134710058539538,0.2119094955774286,1.0
0.9967650682517538,0.22601175876950835,0.0
0.004949955740629453,0.9375718007220286,0.0
0.6044563911884204,-0.5591499326125938,1.0
1.0192788168896127,-0.470307397571397,1.0
-0.9085699303627056,0.20887712165811848,0.0
0.17573369568273917,0.9121549876619316,0.0
-0.9227818674043394,0.12354983582235833,0.0
0.9685861219927262,0.3166711536603484,0.0
-0.7969890213330307,0.6912151659830906,0.0
0.7474402881907188,-0.5690499009691008,1.0
-0.01257648772680243,0.4991908662630308,1.0
-0.8791846238774857,0.5000087851193409,0.0
1.8404765448217135,-0.236737964757673,1.0
0.960593015763276,0.23288615458842785,0.0
1.7076879063149333,-0.20744972890507438,1.0
0.03080388765595085,0.3937889036349101,1.0
1.2883057620565694,-0.4374790227750295,1.0
0.02928158326932045,0.474370025019361,1.0
-0.9928543859343028,0.36610804848624395,0.0
1.2032564724877146,-0.43432323523813127,1.0
0.10766578909519617,0.3024906835135194,1.0
1.9531720528867205,-0.0318994994299114,1.0
0.91324562207252,-0.4567155812697085,1.0
0.0651619289397033,0.2801242962370928,1.0
-0.9712691080557094,0.3822317935290501,0.0
0.1010505751176583,-0.09970400823864295,1.0
-0.13649657507861454,0.9762328258366706,0.0
-0.135202582196192,0.9917321108016304,0.0
0.4890554515581267,-0.29416336812780464,1.0
0.056425282261410824,1.0539998816864702,0.0
0.6991950235220372,-0.5171987699655795,1.0
-0.16328856349025453,0.9304182290902594,0.0
-0.8929936947154719,0.6522936387687615,0.0
0.2802773254564089,0.9709743337143184,0.0
1.179259683907224,-0.538590561003886,1.0
1.5108803834893776,-0.32953653092199175,1.0
0.8656146705295555,0.6351501767639671,0.0
0.3985252839910238,-0.1730155707826421,1.0
0.11216447613066892,0.9971498911716244,0.0
-0.4957487233719392,0.9736818179393896,0.0
0.0037349767696970883,0.4321776644497165,1.0
0.860386457005838,0.454407585194344,0.0
1.4569142328028188,-0.3298350802558944,1.0
0.5804053188270735,0.7800019502683014,0.0
-0.569189625664132,0.7900237871270002,0.0
0.8178785380366236,0.4096777991179161,0.0
2.0361201512493317,0.5098445065914897,1.0
0.9478477010756274,0.19929589773614,0.0
-0.28446704526974015,0.9584863248639676,0.0
1.9277969325306896,0.179706770492933,1.0
1.7744869806355135,-0.09784024915640233,1.0
0.8189144812600937,0.5727973313617706,0.0
2.064384701595911,0.40265978083381787,1.0
1.1842640112819074,-0.4662174042814415,1.0
0.729733139755728,0.7551694440271575,0.0
-0.468660593215506,0.9110874617854646,0.0
1.8632143849884133,-0.05346091136402467,1.0
0.6250964671567694,0.767023188746454,0.0
0.4188644226635722,-0.31155405157403443,1.0
2.0370896477457694,0.4315412520782866,1.0
1.035978696788566,-0.5201301877731569,1.0
0.0910010502266114,0.2345379507624656,1.0
0.8682504271849439,-0.4070333652746381,1.0
-1.0291649866770267,0.0572140200942783,0.0
1.0255182783190613,0.10597130448053858,0.0
-0.520769529603375,0.9260015151894528,0.0
0.7431160233142141,0.6434231775203441,0.0
1.2818006061473683,-0.3911818490803302,1.0
-0.20579299060298845,1.036954804676121,0.0
1.0058382505507966,-0.4732717684314166,1.0
1.5218401285413263,-0.3801725575449577,1.0
0.41283482502940183,-0.38054217950397534,1.0
0.903608335776074,0.5827147355954737,0.0
0.6316331533170771,0.7524563566443615,0.0
1.3903086556543884,-0.3995089307687556,1.0
0.363675360452482,0.8919762993766047,0.0
-0.8366967116908691,0.6776469501302897,0.0
0.06501955796936873,1.1012715918746268,0.0
1.506319873746527,-0.3800757351716185,1.0
-1.0048484128941286,0.008553746293887488,0.0
-0.9422626674508277,0.34390251509038816,0.0
0.538410619318343,-0.5102533406555052,1.0
-0.9409034625634178,0.17341487977868522,0.0
-0.42177074078647986,0.8347272525291661,0.0
0.12202678487950135,0.986034320347833,0.0
0.766124857681494,0.6242534008286597,0.0
1.3682167544998225,-0.3849506717926245,1.0
0.960259383434921,0.26568189317570495,0.0
0.5086331117478422,-0.3086382204035312,1.0
0.28995672721899285,-0.25114281797284976,1.0
0.21760402400027837,1.0688784476439388,0.0
-0.19729511702184546,0.8934281887938578,0.0
1.0481307059243303,-0.4636412923813569,1.0
0.11863308338698808,1.0721426544473585,0.0
0.6234618517644639,-0.40489717710272416,1.0
-0.19018581815211716,1.0410913880355888,0.0
-0.0629366034814041,0.990094153926194,0.0
1.9232177608367127,0.40869802836185504,1.0
0.9336779473554035,0.23348313261908485,0.0
0.08054869183241582,0.007898096789567127,1.0
-0.4967795812218426,0.7834169571822892,0.0
-0.4400161927091509,0.9260058938728994,0.0
0.03457631058395838,0.07390123886384804,1.0
-0.7237077402529855,0.6925581764813952,0.0
0.9590755706072702,0.5485224232508169,0.0
0.3366642306139307,-0.34958116058279526,1.0
1.9574624846822073,0.09241509620234231,1.0
1.5960947794089089,-0.41737217121008413,1.0
0.7408343712529334,-0.3349336644274612,1.0
0.815334176587519,-0.5424565414652112,1.0
-0.905191262145098,0.0463948210459624,0.0
0.005843199612685867,0.2058992119845363,1.0
0.09454041312273712,0.1715382671986279,1.0
1.0076184949405471,-0.4962450094171008,1.0
-0.970813185985074,0.29773079682222403,0.0
1.9468376496038968,0.11608689866325735,1.0
1.610956678598681,-0.29237445923321326,1.0
1.284132969907175,-0.4444224388344172,1.0
-0.7224702918985193,0.703084551559934,0.0
0.05234782383823482,0.22072983687429454,1.0
0.8854689094040477,-0.4977667429847277,1.0
0.7210087399586611,-0.4990708584321881,1.0
1.6304559257392457,-0.2227503102177272,1.0
0.35306571022087063,-0.15251056360264803,1.0
-0.8365848636724035,0.6221814410873379,0.0
0.8356687019423846,0.5567823799677862,0.0
1.167751234932224,-0.5403323914555783,1.0
0.003684082218668921,0.5087586421593788,1.0
0.6221718073816945,-0.3829834574656828,1.0
-0.5485659770577018,0.9221909487416424,0.0
1.990225903233768,0.022066634142712177,1.0
0.20547495317484127,-0.10272801012904637,1.0
0.9136036163127454,0.532963246394968,0.0
0.976089436894999,-0.4079974494917382,1.0
1.2681907958609808,-0.43445146286387193,1.0
-0.6373519232960448,0.7879543756906473,0.0
-0.31444615392886194,1.0207176009604226,0.0
-1.0255440159660825,0.1732172120805131,0.0
0.3213614918245159,-0.07192623544797404,1.0
1.9071257779464983,0.1997622692433527,1.0
1.0509790528941882,0.13456852845940304,0.0
0.341441889456987,0.969875201541091,0.0
0.8169917231917914,0.536785572697508,0.0
1.9151679546568752,0.22077663364472666,1.0
0.0296540644974156,0.09553652625070232,1.0
0.7576378698903816,0.6259104387263013,0.0
1.23785851499194,-0.4644410848565165,1.0
0.7343987385181902,-0.3595916537670106,1.0
1.0710763973995767,-0.4834966499322989,1.0
0.09383189753656754,0.22966581331446626,1.0
-0.1335116944815702,1.0985534453388222,0.0
0.4156848054816499,-0.3096932642043628,1.0
2.028127579159129,0.542603445138766,1.0
0.06790796673653715,0.9539481133991206,0.0
-0.8940371053935063,0.4277728505050141,0.0
0.9733592507692588,0.10196879123439756,0.0
1.7838666176751845,-0.2511701009530937,1.0
0.6796056927818293,0.7745960913090304,0.0
-1.03953797318439,-0.07121245329822709,0.0
0.9770440284905219,0.04606693530612991,0.0
0.9545957957695068,0.4475659020264142,0.0
1.2415623035601087,-0.4755734836819795,1.0
1.9328431672770887,0.11994909004642665,1.0
1.6828563050357432,-0.2277944208140676,1.0
-0.5658028240794537,0.8016364832217646,0.0
0.19666363129539002,-0.1313696421547974,1.0
0.044185762865763645,0.20947919048400776,1.0
-0.12906997004308843,0.9092421874995996,0.0
-0.30168713652955337,0.875722291171393,0.0
1.6702843162160126,-0.1950087958552747,1.0
0.03876882012860252,0.2856491113609062,1.0
0.8252034405965865,0.5370236707148307,0.0
0.7179495219758132,0.6465241974382473,0.0
-1.1206064266610447,0.17289755843498386,0.0
-0.09333616041318091,0.980396792729187,0.0
-0.6665879950993251,0.7507962529553444,0.0
0.7488093271578528,0.7820704852178519,0.0
-0.91948383845807,0.5430957413226652,0.0
-0.7710034811286269,0.5724828625483448,0.0
0.778534312935877,-0.4884170559626971,1.0
0.68734785269435,0.6898604981482693,0.0
1.526142932759146,-0.35338503503864016,1.0
-0.07343667482790842,0.3495227017619204,1.0
0.8551669235545882,-0.5646288108156031,1.0
-0.12830885749931153,0.9644148048323136,0.0
0.5001686271941019,-0.40791922912805684,1.0
1.5831511884521627,-0.3159500015535757,1.0
1.6742183865809763,-0.20350652002414893,1.0
0.4705161673679162,-0.3020333485920516,1.0
0.009711924884434323,0.3454257865669789,1.0
0.7048425034899916,0.7626439323803724,0.0
0.37276843028978257,0.9227569620141298,0.0
-0.6823125527593108,0.7318783640900801,0.0
0.9397760946744332,0.2940356258599879,0.0
0.8518569767304652,-0.5428831700471112,1.0
-0.039888966562479915,1.0135521204689537,0.0
1.045096116760013,0.1523972878014437,0.0
1.9104243919384856,0.1621296206599427,1.0
0.6724488560584481,-0.4741910034539905,1.0
0.03925726656815165,0.18613286607058144,1.0
0.5318906091337277,0.8902221345808334,0.0
1.9536685573480896,0.2715854014327292,1.0
0.5402102341802955,-0.37440606552537736,1.0
-0.5973780237878467,0.7696217308202444,0.0
1.2780208285230719,-0.4581722326547762,1.0
0.15617603921238465,0.09430607529627268,1.0
1.1896492171200967,-0.43276529967673216,1.0
-0.9094837329149856,0.2518471441074668,0.0
0.4805326973688076,-0.36851729403987954,1.0
-0.30324910832933005,0.9577913677647342,0.0
-0.9377301946138842,0.32407351419082414,0.0
-0.020672596835636967,1.0068204816696062,0.0
0.43601600456120254,-0.34085835065426534,1.0
0.3493681017399685,0.886233879862116,0.0
0.3988221330051829,-0.2624589720484329,1.0
0.8357746523985574,-0.4658082878195977,1.0
0.12498117760689502,1.0146122729375362,0.0
1.1502992777371217,-0.5828051749115826,1.0
1.1617137269868203,-0.5265501172838337,1.0
-0.9059943166227488,0.4100403507115344,0.0
0.18758318337402385,0.971515890721821,0.0
0.9990013521249088,0.20229067016122,0.0
0.988567325493643,-0.5908728597065761,1.0
0.7759818965176641,0.693084784386114,0.0
0.2447633027442477,-0.1952124081404272,1.0
-0.7418266921666895,0.5083648589799178,0.0
1.2065259683553966,-0.5223053578789004,1.0
-0.34746529910510426,0.9157390426717013,0.0
1.3731360499967682,-0.4080889078335532,1.0
2.0190993168125697,0.2531473657001254,1.0
-0.01932505518421235,0.29644806894466313,1.0
-0.999153799170519,0.348166359823427,0.0
1.975475870051348,0.22504359347599984,1.0
0.8641744507579628,0.1215774989927781,0.0
1.974994262926048,0.05053667483537833,1.0
0.4546547948981878,0.8384333402832223,0.0
0.4771171877426554,0.8620051902607034,0.0
0.8724463644740362,0.4710816935947517,0.0
1.5903170946168668,-0.3183344964763804,1.0
1.351963129796595,-0.4849330942171537,1.0
0.2616877827830404,0.8951923690436567,0.0
1.8098923724156415,0.061435921901465684,1.0
0.06881990456693689,0.2514600041211328,1.0
1.1444365972407937,-0.5617290959289991,1.0
-0.1232694182616205,0.9843247110101326,0.0
-0.07213663108978775,1.0295313769744487,0.0
-0.4736440758066425,0.8631195017822723,0.0
-0.2510743541095831,0.9810657240823212,0.0
-0.33678557744652643,0.9898549710863576,0.0
1.3738461462465774,-0.4243811122008825,1.0
0.7119192360564943,0.6978973859478821,0.0
0.5394140656284281,-0.33795384040036,1.0
0.2469171561517148,0.8998764455832015,0.0
0.6201350245932575,0.8248531194976781,0.0
1.1370704094450097,-0.4686025762645946,1.0
0.07982840455235193,0.021636404731503373,1.0
0.754417901919918,-0.4855688514647773,1.0
1.5097665503129287,-0.4006608110257697,1.0
0.2003498150093099,-0.05341185412896764,1.0
0.8223837966072165,0.4670347364073958,0.0
1.8217023334035671,-0.061075242821241965,1.0
-0.9287321118927022,0.5261818851382767,0.0
0.2872643485718947,-0.12788106710325553,1.0
1.98297764987999,0.3707034995267546,1.0
0.02186460447749943,0.24275750762618736,1.0
0.41670982693755454,-0.2919658615969707,1.0
0.3162857726141822,-0.1639853208267371,1.0
1.430876659879586,-0.33546735143675493,1.0
0.2926156319622244,-0.11938810563347273,1.0
0.8160778159100882,0.5259145164824023,0.0
1.9607838825956656,0.16890062584534624,1.0
0.5797920590584328,-0.34365204881996025,1.0
1.0133405902222874,0.27462879180069594,0.0
0.8565098926442986,-0.455728121693036,1.0
0.3398492501336538,0.9268434428636536,0.0
-0.4921312159319352,0.9105153252382456,0.0
-0.949645973766303,0.1764887354759891,0.0
-0.7611646722646656,0.756112166528693,0.0
0.7387165261176141,-0.41279102397588646,1.0
0.1531484769690755,0.9421083571428414,0.0
1.915041152444544,0.16065766237321316,1.0
0.9674926318740252,0.3648463687859005,0.0
0.2806943198672794,-0.3032324735938102,1.0
-0.6499333878514999,0.8594933022452645,0.0
-0.8838491165979852,0.35458610738187296,0.0
0.04409024615890335,0.046622652599914334,1.0
-1.01779129504415,0.06721239290854374,0.0
-0.17995486815529255,0.8984750323482555,0.0
1.754535957760382,-0.10464460927251629,1.0
0.18340568091671344,-0.1298447435614083,1.0
0.9935070412086608,-0.5062532873688639,1.0
0.41109813978074716,-0.30202816745336725,1.0
2.039733837033413,0.1616844622433261,1.0
1.878634202394888,0.3549547004039266,1.0
1.857232839475992,0.04097151682175693,1.0
1.9205522992963395,0.31253979121190417,1.0
1.9632724935073251,0.3784640617160509,1.0
0.5714401205532466,0.8131399446306776,0.0
0.7474534315792356,0.6420577718248184,0.0
1.0416189489633159,-0.5290940210968472,1.0
0.9055634114539536,0.06733779005947363,0.0
0.7802035693030913,0.6118820638350845,0.0
-0.6597860168680534,0.7709818758774226,0.0
1.717844295518093,-0.240434532986524,1.0
-0.5971221241131658,0.748439488801503,0.0
0.4843504048998885,-0.414951379969174,1.0
0.9474872626607705,0.1201987493853467,0.0
0.9702383736293299,0.3890452321550567,0.0
0.9396004182280716,0.03862383671834804,0.0
-0.7872379049765486,0.4675053164104653,0.0
-0.4898762209988627,0.8771538527810984,0.0
-0.9246574852068072,0.4890648769005047,0.0
0.9145461553237064,-0.43864202851123224,1.0
0.02265119363640915,0.929077551347744,0.0
0.13208976910867734,0.9751186527695872,0.0
0.242365032838073,-0.12120842317572247,1.0
0.7729120437455849,0.6962952773422789,0.0
-0.4920999706805629,0.8631007265513615,0.0
0.650804107379076,0.727089481964004,0.0
-0.13395013463931785,1.0761668001380662,0.0
-0.7143459383460109,0.638464838345409,0.0
0.1426323831586231,1.0489665598953104,0.0
0.5102757727886079,0.8946499779753786,0.0
1.9578122056110128,0.13613674474414122,1.0
0.4307494897104539,0.7734953411267149,0.0
1.6263039432825523,-0.32041073456993846,1.0
-0.8402959913980332,0.471201318492714,0.0
-0.9368139348562398,0.6196846690122484,0.0
0.19308975570250864,-0.2227262498581102,1.0
0.021368401248260543,0.3746971085851363,1.0
0.8068280128760806,0.3927987183182329,0.0
0.997002630794434,0.4895953212229221,0.0
1.69672620108604,-0.2332068487099605,1.0
0.8339026080526399,0.4221822311979276,0.0
-0.9650932248454622,0.4169302716534582,0.0
1.8332845295181008,0.06504315544060082,1.0
1.9657333156667205,0.1333961074502772,1.0
0.3078717153567163,-0.17119638656235098,1.0
-0.02978501464941355,1.030778084289811,0.0
1.9411493270257931,0.0139068508136548,1.0
0.12434235355817667,0.04082092223389972,1.0
0.8279771279529805,0.4922080912428717,0.0
2.079037598753421,0.3638876500494983,1.0
1.826345313819088,-0.16907374545416357,1.0
-0.8943935171151391,0.43263349822722336,0.0
-0.7693071590363803,0.42650775330039886,0.0
0.9366562555625776,-0.6011540381648768,1.0
1.553698194659261,-0.41165596247964,1.0
1.4819287868124045,-0.36455417244294513,1.0
1.9809692540124528,0.05933928029017733,1.0
0.06618563303465114,0.2522802780888935,1.0
0.503245452020626,-0.2909762436646377,1.0
0.1848842417935893,-0.035705998692033135,1.0
1.3496036344055673,-0.5816878340902109,1.0
0.511253264295778,0.87208419485693,0.0
1.972360905489256,0.4660080643020942,1.0
1.915256763828708,0.2216367025740429,1.0
0.24461021705340655,0.9591498940593168,0.0
0.040851707272671844,0.4081147641327836,1.0
1.9337719090629613,0.2069845905944442,1.0
0.6658029681617458,0.8174501026869258,0.0
-1.0364559061172456,0.17229590593998617,0.0
-0.7973809169664814,0.7073475939142952,0.0
0.08113077315325797,0.047160364554769456,1.0
-0.8579125849403331,0.2852411749623051,0.0
-1.038654922098253,0.24699623666082335,0.0
-0.8271906678927875,0.4761797107455205,0.0
-0.4703401683540545,0.9621300268197148,0.0
-0.2531805876373531,0.9613551379117888,0.0
0.9543566556242028,0.2436600262736604,0.0
0.32413856609764025,-0.2886717279918262,1.0
-0.9580309908867646,0.43335444547906954,0.0
1.410613781790928,-0.24004113943584546,1.0
-0.4275054895780357,0.9535842260744308,0.0
-0.04835880889696693,0.9389930965276916,0.0
0.11259777097254654,0.15653458017432784,1.0
0.4737750723117272,-0.33773285460198404,1.0
1.9922138252099844,0.3567092688975735,1.0
1.3971117545798968,-0.43228564821599025,1.0
1.9344043212208153,0.2041660893174438,1.0
0.22218309732868607,0.94520435177428,0.0
0.9600794481965826,0.26775507263364967,0.0
0.453781456088634,0.9808517385979048,0.0
-0.6159324004173599,0.6892928289984087,0.0
1.651247018247486,-0.3080738278799808,1.0
1.3636410711418256,-0.400921204138702,1.0
-0.2569405392495526,0.9823267620038884,0.0
0.6785037478491908,0.7765459109332434,0.0
-0.0038154667828087523,0.14165403911657282,1.0
1.8525041837784324,-0.06028902404284735,1.0
-0.18105153113857977,0.9930676170489546,0.0
0.9937603796699328,0.260398571903815,0.0
1.018879632630704,-0.4534138763259058,1.0
1.8804190737346245,0.05637933792793414,1.0
1.939701045575344,-0.04638645222312814,1.0
0.4985310525490889,0.8372461258227057,0.0
-1.027178651556528,0.31560477794344655,0.0
0.24106844893238485,-0.13152755471772057,1.0
1.9709080214622807,0.13594107687477403,1.0
1.0118440868716194,-0.5437728757534099,1.0
0.9576862853982459,0.2477630052345611,0.0
0.3698812261258285,-0.2849480979084514,1.0
-0.257330802455128,0.9260818433223462,0.0
0.9202644463392736,-0.5240878568439143,1.0
0.22797957224174,0.9871928233165524,0.0
0.8827292393104664,-0.5213347297214728,1.0
1.8806021780995588,0.02362663727425722,1.0
0.00419989009210821,0.472196065150089,1.0
-0.5809850733566873,0.8642778300747007,0.0
-0.9469822052515048,0.1442189271801729,0.0
0.4226823710228988,0.8146425787560287,0.0
-0.8548309369473569,0.5138002456782768,0.0
0.3183915016041842,0.9975786765017431,0.0
0.6332791111382159,-0.4661362070916292,1.0
-0.997715072757486,0.21765065840260814,0.0
-0.5910926108965775,0.8146837038548495,0.0
1.0169780279860803,-0.462299445078321,1.0
-0.9043417216336392,0.15931788156520116,0.0
-0.8715951356936877,0.5682906593972781,0.0
-1.0646569438123243,0.08736677210130336,0.0
-0.09410500017986644,0.3330682897732012,1.0
0.8566839938902081,0.4573964295391002,0.0
0.050179243534814906,0.11242235660964227,1.0
0.29208525443362315,1.0148606341949047,0.0
0.059039590014292924,0.0380411281008393,1.0
0.8930607502812719,0.42862211151309415,0.0
1.00742830960149,-0.4952099731976317,1.0
0.5762713841412417,-0.4680859497339416,1.0
0.3717682922826458,1.0018180403269914,0.0
0.9092086684112632,-0.41932684978956486,1.0
0.9415124696463538,0.14363281689301244,0.0
1.3204571673633048,-0.4141193371300458,1.0
1.5358205476867335,-0.34488811797179914,1.0
0.8116778495768079,0.4887648428899163,0.0
0.4102380249557607,-0.2259356704877357,1.0
-0.9677465930106413,0.1934529763676653,0.0
1.454815261254223,-0.4223190452682761,1.0
0.011540990165927079,0.010397936823377682,1.0
0.012224614415296436,0.9905792514600124,0.0
0.795947550651615,0.43000606038329287,0.0
-0.7242049986776604,0.7344849301698483,0.0
-0.6181921794996919,0.8450438759284662,0.0
0.8705385196338502,-0.5635786973277987,1.0
0.0031109513709055158,0.1479450989965879,1.0
1.7752244213662973,-0.028856197417259956,1.0
-0.13739237739667043,0.9882617096134492,0.0
2.0311664687273785,0.18452141631289465,1.0
0.603131778607674,-0.3695431547165773,1.0
0.1484468349024637,-0.09119308529758527,1.0
-0.8622073000390061,0.44906707858205347,0.0
0.9563092045342478,0.12942771903695216,0.0
0.5621815285062004,0.8115088513214189,0.0
0.02823974325720919,0.34435435317151686,1.0
1.948129601265592,0.34287277277740974,1.0
0.794422634766021,-0.5388332277750179,1.0
0.07219620252265573,0.011090917205106804,1.0
-0.41087446063790817,0.8403771587774239,0.0
1.502994173776743,-0.27549780076466635,1.0
-0.2735943323551073,0.907563354530518,0.0
0.779780182857493,-0.510375599167964,1.0
1.8321896975772995,-0.20169604111516307,1.0
0.2935214760014512,0.9623003575705268,0.0
-0.9684705989567142,0.312683061950269,0.0
-0.31140085007336016,0.9751868798116032,0.0
0.627426267638929,0.8620465845511703,0.0
1.8925402688920845,-0.01634540174782789,1.0
0.0847159662476522,1.0119570736395436,0.0
1.6149304425746058,-0.2373762992904413,1.0
0.766518612653657,-0.499220264022338,1.0
1.0820750678980295,-0.5349991689625364,1.0
1.099416918378098,0.11052282460287789,0.0
0.734718813363259,0.6481772601369151,0.0
0.915841304881188,-0.477136294591877,1.0
2.064002091803547,0.44081959915589375,1.0
-0.04649201954441485,0.5464517131504321,1.0
1.9259029928896891,0.3260827554718195,1.0
0.06981490612731533,1.090319078988298,0.0
0.09174679205139091,0.3650689819617535,1.0
-0.746894992881249,0.7307664541216622,0.0
1.379955542822477,-0.3747888734758546,1.0
-0.25149063343465583,0.9761285432219426,0.0
0.6805001545418801,-0.4762310508127265,1.0
1.451454914062304,-0.3155059061326034,1.0
1.837233226662628,-0.06279251228118406,1.0
-0.6152594680453289,0.768034046918766,0.0
0.9687676079940286,0.10250882055718956,0.0
0.4719070310836317,-0.23944207615004756,1.0
0.9512518647591494,-0.5004950673958214,1.0
-0.017027819752126357,0.4535048460398796,1.0
0.4167565485477488,0.8884208628919426,0.0
-0.7724071232389446,0.6678174394796068,0.0
0.538865948345659,0.8634794067039968,0.0
0.4748509456442884,-0.38718165742769917,1.0
-0.9441562192625138,0.29302093850019384,0.0
-0.019289559670532183,0.3642485571647481,1.0
0.22279613057965134,0.9577500917934364,0.0
-0.8852353411025774,0.6810085717625866,0.0
-1.062488763120563,0.20867794820962637,0.0
0.43413316981008004,0.8429786991984037,0.0
0.3652468044171207,0.9360993592007376,0.0
1.6040108785131124,-0.3009154477989541,1.0
0.843908843309979,-0.466058030443663,1.0
-0.968295697681852,0.2649076186838873,0.0
-1.0662073566912025,0.02004621397219605,0.0
-0.3367414656777196,0.975611461314272,0.0
0.44189636535974264,-0.4092009172285898,1.0
0.7414550442892514,0.7149868213754159,0.0
1.0538822812164195,-0.5735695333548384,1.0
-0.023217778731520016,0.9980046154877952,0.0
-0.018314483159898344,0.2977312878550861,1.0
-0.8077007062673076,0.5642873549345248,0.0
-0.15758070301841132,1.0284774300458284,0.0
-0.03360063237374458,0.997265476967651,0.0
-0.954465776720979,0.15968380257574896,0.0
1.7079922349806755,-0.1745641232515665,1.0
0.5578352723430422,-0.3852457623547528,1.0
0.5859998290885452,-0.4234235272357382,1.0
0.08754326054647706,-0.09519324163096471,1.0
-0.7827694548165274,0.4282779061045341,0.0
-0.2904419802137227,1.086213641184821,0.0
-0.6295480774277326,0.7256144795021626,0.0
0.68556309312159,0.6471668658218072,0.0
-0.61950919455483,0.7905866320274034,0.0
0.6218819061097983,0.8541212001630961,0.0
-0.016680388959230512,0.3471938712805028,1.0
0.10071142372928804,0.03544676742279197,1.0
0.9981482578936222,0.1284924557620475,0.0
0.1092856612207144,0.15524822416253636,1.0
-0.674602518965426,0.7772900104878508,0.0
0.7177295570775712,-0.4637266094217736,1.0
1.2602407195106717,-0.5448476472856163,1.0
0.09355567423972787,0.965309570145053,0.0
1.8097695229163904,-0.17228137426108947,1.0
1.823455296755866,-0.06955846025408025,1.0
-1.007603521056398,0.28601801193546245,0.0
0.2998177305103612,0.936619802916472,0.0
0.5517714387342213,0.728073331329199,0.0
-0.7289762247255672,0.6494919273235308,0.0
-1.07566153443251,0.009802284461620191,0.0
-0.4264345564152316,0.8716538723517421,0.0
0.051400527348720325,0.2101623380960477,1.0
1.8461731216479007,-0.04377727829336927,1.0
-0.5789531023091397,0.7300458105246482,0.0
-0.627294118202697,0.8258436014711374,0.0
0.494896246197862,-0.3813584511803528,1.0
-1.0352997094159115,-0.08491554446352262,0.0
-0.916606564758707,0.3207402789820594,0.0
1.8557772675311364,-0.15529181089324845,1.0
2.026928694265894,0.4905295830008042,1.0
0.9566975805459504,0.38854990598995687,0.0
0.917826907598387,-0.44626830593666145,1.0
1.5768103870517018,-0.3006186791735361,1.0
0.5938167849593728,-0.4286332534859704,1.0
0.703482594332702,-0.425082025143445,1.0
0.6490518357332196,0.889011598505081,0.0
0.3555854570745109,-0.20167031077658024,1.0
0.17494180012907917,0.019053735589349797,1.0
0.1335692911898317,0.9863971194458054,0.0
0.08206499017056042,0.11682043295028535,1.0
1.7592008389740061,-0.2752606985463528,1.0
1.6593410051662563,-0.3125507644318998,1.0
0.20817107249197025,-0.07202505325563392,1.0
-0.9199790004456848,0.18946333821740802,0.0
-0.7416774923126239,0.7272671820905684,0.0
2.01768499579014,0.0741899927274103,1.0
0.27950777270425875,-0.19460760004345082,1.0
0.5766197132396027,-0.402139958623406,1.0
1.0549611502558944,-0.4329295847109037,1.0
-0.04803417438608922,1.0348906374100022,0.0
0.5682243043760127,0.7913504983762502,0.0
1.0035827338450742,0.17190447011997081,0.0
0.951776509804426,0.24336496138165056,0.0
-0.009638924042729584,1.0682265988780315,0.0
1.9920996723969968,0.15185480633087084,1.0
0.8314721111669825,-0.4747990723764102,1.0
1.0559436192883138,0.08998163108772732,0.0
1.0326180315054057,0.05787855305698088,0.0
0.8585568972471551,0.5064354640021012,0.0
0.4374349387624636,-0.27808752310591206,1.0
0.1505773724329295,-0.004536959859524304,1.0
1.020764177748604,-0.5635593979042764,1.0
-0.3072004044911708,0.9294851017674786,0.0
1.3692152865888194,-0.4636636533784646,1.0
1.1364872017519558,-0.44094807871660274,1.0
1.5292186600348918,-0.4193988160995186,1.0
0.2712433852291317,0.8869195018230976,0.0
0.9786165983738184,0.308581952727618,0.0
0.7440767081343268,-0.4728513393999024,1.0
1.5089824303042152,-0.31692961981817525,1.0
0.4751859993425117,-0.343108062468414,1.0
1.9362148307835416,0.029791000653389868,1.0
0.07769466737893709,0.9901814769253376,0.0
1.8684934779850244,0.02205950883142384,1.0
-0.12476752644665358,1.0101266662309965,0.0
0.10121527654125256,-0.029300173356595124,1.0
0.8114989972128392,0.5909729812056264,0.0
-0.6147991075073994,0.8029038037458255,0.0
0.3348960705601052,-0.1571787984913955,1.0
0.12879293503485278,0.0022994965460100113,1.0
1.226962284796398,-0.4498297525181792,1.0
1.0057270998396095,-0.4895617321017911,1.0
-0.943410457838179,0.2678926861339367,0.0
-0.5617159793007963,0.8829938811757507,0.0
0.940278808512082,0.4927351929444461,0.0
1.5888455775071253,-0.24949564000151134,1.0
0.2474766141991447,-0.20728487203906729,1.0
-0.8106876300068278,0.6337206557473192,0.0
1.9992863555197444,0.39506705468706854,1.0
0.2969715143796096,-0.21459057748402083,1.0
0.27097819384841176,1.0361195657255462,0.0
0.06740156154239162,0.24490760626638305,1.0
-0.01648356845685202,0.337407557078181,1.0
0.1902474750268421,0.9251621903843522,0.0
0.570040165840837,-0.3663786523541103,1.0
-0.7483900848745011,0.7183940278754642,0.0
-0.7890606313633935,0.5527020538872855,0.0
-1.0476488452242412,0.04070571218810465,0.0
0.21879007784311186,0.9616872621171934,0.0
0.03934250364663112,0.18000109877646867,1.0
0.4870766777606202,0.9405391137681486,0.0
-0.3826923458862497,1.0312358263890222,0.0
-0.6459967532695429,0.7482128042059789,0.0
0.9053412384058892,0.3543526114586445,0.0
-0.6148660454550856,0.8473857394060411,0.0
0.14328234577157542,-0.00020061326289426504,1.0
0.9605262166864692,0.2025703408997821,0.0
-1.0302923344163655,0.285868647519719,0.0
0.5258555106684722,-0.4355942452084025,1.0
0.1700377548770388,-0.12013314401102733,1.0
-0.8412959168142227,0.5570368861150621,0.0
0.5642440430371229,-0.43123990283699537,1.0
0.11307302301622812,0.13522272230736934,1.0
0.9517315800268384,0.3053771050347866,0.0
-0.2402490164482837,1.0523069136362015,0.0
0.3926343441126677,0.9189704529414014,0.0
1.9286283737978032,-0.0524338773986424,1.0
-0.8955100972352846,0.484615669269479,0.0
0.03071382362548058,0.4513127676737458,1.0
-0.8271581935790847,0.6783880191505595,0.0
0.6121416417350808,0.7102628864365711,0.0
0.5570974928977492,0.7934698323707347,0.0
1.2840818205885751,-0.35941557070223934,1.0
1.9442575040154728,0.21014827703889294,1.0
1.4066016959287608,-0.5150036714933285,1.0
1.0702612408478223,-0.44210616556684706,1.0
1.035607682751476,-0.12517892259253227,0.0
1.2912706683209552,-0.3470562026884874,1.0
0.2684215685732837,-0.1743370136158296,1.0
1.4064322488158494,-0.31448280193424183,1.0
0.3875612831049575,-0.2607872738260297,1.0
-0.4872104581853564,1.0111971172886043,0.0
0.12888288350469634,-0.07884934449640167,1.0
0.058171586049274714,0.10614961097541588,1.0
1.6211693870914725,-0.25963055600767504,1.0
0.04446121946133836,0.3149652172544521,1.0
1.3810594133466458,-0.4628133472772832,1.0
-0.13219644721898688,0.9869288726212752,0.0
-0.013308399667728215,0.36299310530897116,1.0
